ProteinName,ProteinSequence,DSSPSequence,Length (n),Type (L vs. S)
5LOSA,GPGSAPLPNPPMTPAQHYAQAIHHEGLARHHTTVAEDHRQTANLHDNRIKAAKARYNAGLDPNGLTSAQKHQIERDHHLSLAAQAERHAATHNREAAYHRLHSQTPAPGTKRSIDELD,CCCCCCCCCCCCCHHHHHHHHHHHHHHHHHHHHHHHHHHHHHHHHHHHHHHHHHHHHTTCCCTCCHHHHHHHHHHHHHHHHHHHHHHHHHHHHHHHHHHHHHHCCCCCTCCCCCCCCC,118,S
5LSFA,MDTGAKEDEDETANFSDGVTAMGFQSLDTQVSIKDILRRPVLLFNHVELDPDYTGFFIPIMPPSRMMQYKSGDKETSFQRLIGRTPQAAIMNLFRFWRGSLRYTIIIHSTDGHPIYVTHVPHTGNRVYGLMKVNNLHEYTKVPIFGCGLTTEMIIPSVNPSICVEVPFDTENNWAVTFDEDAQRNYSWRDKGDTVTGHLVVTPVVSVYMSVWVEAGDDFEVSNFYGPPSVKTNDWNYAFSDEH,CCCCCCCCCCCCCCCCCCCCCCCCCCCCCCCCHHHHHTCCEEEEEEEECCTTCCEEEEECCCCCCCCCCCCCCCCCCHHHHHHCCHHHHHHHHHHHCCCEEEEEEEEECCTCCCEEEEEECCCCCEEEEEEEECCCCCCCCCCCCCCCCCEEEEECCCCCEEEEEEECCCCCCEEEEECCCCCCCCCCCCCCCCCEEEEEEEECCCEEEEEEEEECTTCEEEEEECCCCEEECTCCEEECCCC,243,L
5LSFB,EVPSKESIQGDATQQSSKEENTIITRDQQQTVSENIPSTVGDLVIASSEPTQQFRSLTNRWMPINSIRVTVNGKRNDLLAQYYIPEDFLSTHAKCAPNTIPFETYVYGKYELEMKFVANGNKFQCGKVIISVKFDSYQADNINTGFQAALSRPHIMLDLSTNNEGVLKIPFRYHRAFVRNQTHKTATAGVRPGKFASIYVQVLSPLQTGEGGANDMFIRPFYRYTRAEFAGMSYKVPLT,CCCCCCCCCCCCCEEEECCCCEEEEECCCCCECCCCCCCCCCCEECCCCCCCCHHHHHTCCEEEEEEEEECCCCTTCEEEEEECCCCCCCCCCCCCTTCHHHEEEEEEEEEEEEEEEEECCCCCCEEEEEEEECCCCCCCCHHCCHHHHHTCCEEEEECCTTCEEEEEEECCCCCCEEECCCCCCCCCCCCTTCEEEEEEEEECCEECCTCCCCEEEEEEEEEEEEEEEECCCCCCCCC,239,L
5MLPA,MARYKKMKKAKFQGNVDIIKNAQCLLMGISMNQTHQSGEELYAFINEIKKYTNIKKVIFVITDYLHRHYVQLETGLPLEEAGKEAEKMGESWLQLNEASLNSLSPVELQLVQWKSLVEGSNQIEDTSYSDCLSKTENCYRDDPFFQQMVDTYSNEFGQKHCNRLKNRIEITLEACQQAAKNYFLEESTIILKFISLNFDVITYPGKCNQGINYIYNKYIGKPLNFISYRFRSEHVKNSLFSFSKKTEESINDAHQFRRNIRSHHHHHH,CCCCCCEEEEECCCCCHHCHTCCEEEEEEECCCCCCCHHHHHHHHHHHHHHCCCCEEEEEEECCCEHHHHHCCTTCCHHHHHHHHHHHHHHHHHHHHHHHHTCCCCCEEEEEHHHHHHCCCCHCCHHHHHHHHHHHHHHHHCHHHHHHHHHHHHHHHHHHHHHHCCCCCCCHHHHHHHHHHHHHHHHHHHHHHHHTTCCEEECCCCCCHHHHHHHHHHTTCCCCEEEEEEECCCCCCCCCCCCHHHHHHHHHHHHHHHHHHCCCCCCC,268,L
5MTWA,GSHMTDRTDADDLDLQRVGARLAARAQIRDIRLLRTQAAVHRAPKPAQGLTYDLEFEPAVDADPATISAFVVRISCHLRIQNQAADDDVKEGDTKDETQDVATADFEFAALFDYHLQEGEDDPTEEELTAYAATTGRFALYPYIREYVYDLTGRLALPPLTLEILSRPMPVSPGAQWPATRGTP,CCCCCCCCCHHHHHHHHHHHHHHHTCEEEEEEEEEEEEEEECCCCTTCCEEEEEEEEECCCCCCTCCCEEEEEEEEEEEEEEECCCCCCCCCCCCCCCCCEEEEEEEEEEEEEEECCCCCCCCCHHHHHHHHHHHHHHHHHHHHHHHHHHHHHHTTCCCCCCCCCCCCCCCCTTCCCCCCCCCC,184,S
5N7SB,QLLGLLGQAATVIGGEPTVSVEQLDFSAARGDVALQVRAPGFDVLERLRSRLSESGLAVQLGSASRDGSTVSARLVIG,CHHHHHHHHHHHHTTCCCEEEEEEEEETTTTEEEEEEEECCHHHHHHHHHHHHHTTCEEEEEEEEEETTEEEEEEEEC,78,S
5N80A,AMKIAFIGEAVSGFGGMETVISNVIHTFENSSPKINCEMFFFCRNDKMDKAWLKEIKYAQSFSNIKLSFLRRAKHVYNFSQWLKETSPDIVICIDVISCLYANKARKKSGKHFTIFSWPHFSLDHKKHAECITYADYHLAISSGIKEQIMARGISAQDISVVYNPVSIKTVIVPPPERDKPAVFLYVGRLKFEGQKRVKDLFDGLARTTGEWQLHIIGDGSDFEKCQAYSRELGIEQRVIWYGWQSAPWQVVQQKIKNVTALLLTSAFEGFPMTLLEAMSYGIPCISSDCMSGPRDMIKPGLNGELYTPGAIDDFVGHLNRVISGEVKYQHDIIPGTIERFYDVLYFKNFNNAIFSKLQK,CCEEEEEECCCCCCCHHHHHHHHHHHHHHHTCCCEEEEEEEEECCCCCCHHHHTTCCCCCCCCCCCHHHHHHHHHHHHHHHHHHHHCCCEEEECCHHHHHHHHHHHHHHCCCCEEEEECCCCCCCCHHHHHHHTCCEEEEECHHHHHHHHHTTCCCCCEEEECCCCCCCCCCCCCCCCCCCCEEEEECCCCCTCCCCHHHHHHHHHHHCTTCEEEEEECCTTHHHHHHHHHHTTCTTTEEEECCCCCHHHHHHHHHHHCCEEEECCCCCCCHHHHHHHHHTTCCEEEECCTTCHHHHCCTTTCCEEECTTCHHHHHHHHHHHHHCCCCCCHHHHHHHHHHCCHHHHHHHHHHHHHHHHCC,360,L
5NF2A,PGEWAGKDKIEKVSIYMVPQGGPGLVESAEDLDFGTYYENPTIDPATHNAILKPKKGIKVNSAVGKTVKVYVVLNDIAGKAKALLANVNAADFDAKFKEIIELSTQAQALGTVADGPNPATAAGKIAKKNGTTDETIMMTCLQPSDALTIEEAAVSEANAIAGIKNQAKVTVERSVARAMVSTKAQSYEIKATTQIGEIAAGSVLATITDIRWVVAQGERRQYLSKKRGTVPENTWVTPGSGFVPTSSTFHTNATEYYDYAGLWEDHNTNEAVISGTQVPTLADYQLQDVTGELANALSGKFLLPNTHKSGANAASSDYKRGNTAYVLVRAKFTPKKEAFIDRGKTYSDNTAVPEYVAGEDFFVGENGQFYVSMKSVTDPKVGGVAGMKAHKYVKGKVLYYAWLNPSTTSPDSWWNSPVVRNNIYHIHIKSIKKLGFNWNPLVPDPDPSNPENPNNPDPNPDEPGTPVPTDPENPLPDQDTFMSVEVTVLPWKVHSYEVDL,CCCCCCCCCCCEEEEEEEECCCCCCEEEEEEECCCCCCCCCCCCTTCCCEEEECCCEEEECCCCCCEEEEEEEECCCHHHHHHHHHTCCHHHHHHHHHHHHHHHHHHHHHCCCCCCCCHHHHHHHHHHHTTCCCCEEEEECCCCCCCEECCCCCCCHHHHHTTCCCEEEEEEEEEEEEEEEEECCCEEEEEECCCTCCCCTCEEEEEEEEEEEEEEECCEEEEEEECCCCCCCCCCCCCCCCCCCCCCCCCCCCCCCCCCTTHHCCCCCCCCCCTCCCCCCCCCCCCCCHHHHHHHHCCCEEEECCCCCTTCCCCCCCCCCCCEEEEEEEEEEECCCCEEEETTCEECTTCCCCCCCTTCEEEECTTCCEECCHHHHHCCCCCCCTTCEEEEEETTEEEEEEEECCCCCCTCCCCCCCCCTTEEEEEEEEEEECCCCCCCCCCCCCCTTCCCCCCCCCCCCCCCCCCCCCCTTCCCCCCCCEEEEEEEEECCEEEEEEEEC,501,L
5NF4A,MKHHHHHHPMSDYDIPTTENLYFQGAMRGVDPQPDPLQPDVYLLVNARAAHTNGEESINMDAEDFEDRVHSLAMLVFDSNTGEKVAEHFSSSIGSGTSTYVFTVKLKPGQRDFFFVANIPNMQTAMASIVNKSDMNHFMQVFRDLDPIHYHNATNNNGFPMSRMYSNQTVTIGGTITQPLPFKPDGENNVKLQRVVAKLDVNIVEGVENLQKIELCNANVHYRLVPNQSEPIQFYGPVELRRVGATNQWLGYMPEAIVESTKWWGNTGNAENKPINFFRLTTRGGLVYDVPIITHEGAIPGGQYLPFAKGLLADKPSYTVYRNRHYIYRIKTLPDKIEVKYSICDWNIVTNDTYMGYGYNVGVDEQGNVTITNTMQNCDPHVVRLVAKNGAYFGSQPTDTSVEFTELANGASQTFKVNKDAVAVGSAYLEVYYNPDLNATGVVPDKVFIKK,CCCCCCCCCCCCCCHHHHHHHHHHHCCCCCCCCCCCCCCCEEEEEEEEECCCTCCCCCCCCCCCCCCCEEEEEEEEEETTTCCEEEEEEEEECCTCCCEEEEEEECCCEEEEEEEEECCCCCHHHHTTCCCHHHHHHHHHHHHTCCCCCCTTCCCCCCCCCEEEEEEEEECTTCCEECCECCCCCCCCCEEEEEEEEEEEEEEECCCCCCEEEEEEECCCEEEECCCCCCCCEEECCCCEEEETCCEEEEEEECCCCCCCCCCCCCCCCCCCCCCEEEEEEETTCCEEEEEEEECCCCCCTCCCEHCCCCCCCCCCCCEECTTCEEEEEEEECCCEEEEEEEEECCEEEECCCEECEEEEEEECTTCCEEEEEEEEECCCEEEEEEEETCEEECCCCCCCEEEEECCCTTCEEEEEECCCCCCCCCCEEEEEECTEEEEEEECCCCEEECC,451,L
5NXKC,IEEVSNEEELKAALRDASITTIKLKNNITLNNAITINNGNRNITIIGDGHYINALNSDGGIILNNRGGSAKIDLTIENATLYNTSKYGFVNMSSNGVDTVTYKDVTAYGGTLVWSKTGAGVKTLNLVGNTTLNSVKSYEVDGQSCGTEAFSHRTPDGDKTTALYVSNAINIAENANVVLNNSATDIDMWLLTAVPSTSGISTVTVGNNASLTMENIGNTEYNIKLDGGRENHFIVNENAAVKMSAKVDNVRIIPQLENIFTRGNIELAKGSNVHLEVITGSNFRVAGTVANRIDFNGTATLIKQEGASGP,CCCCCCHHHHHHHHHCTTCCEEEECCCEEECCCEEECCCCEEEEEECTCEEEEECCCCCEEEEECCTCCCCEEEEEEEEEEECCCCCCEEEECCTCCEEEEEEEEEEECCEEEECCCCCCCEEEEEECEEEEECCEEEEETTEEEEEEEEEEECTTCCCCEEEEECCCEEECTTCEEEEECCCCCCEEEEEECCCCCCCCCEEEECTTCEEEEECCTCCEEEEEECCCCCCEEEECTTCEEEEEEECCEEEEEECCCCCEECCCEEEETTCCEEEEEETTCCEEEECCCCCEEEETCCEEEEECCCCCCC,310,L
5OC0A,MENKYSRLQISIHWLVFLLVIAAYCAMEFRGFFPRSDRPLINMIHVSCGISILVLMVVRLLLRLKYPTPPIIPKPKPMMTGLAHLGHLVIYLLFIALPVIGLVMMYNRGNPWFAFGLTMPYASEANFERVDSLKSWHETLANLGYFVIGLHAAAALAHHYFWKDNTLLRMMPRKRSSVPGSHHHHHHHH,CCCCCCHHHHHHHHHHHHHHHHHHHHHHHTTCCCCCCHHHHHHHHHHHHHHHHHHHHHHHHHHHHCCCCCCCCCCCHHHHHHHHHHHHHHHHHHHHHHHHHHHHHHHTTCCEEEEEEECCCCCCCCHHHHHHHHHHHHHHHHHHHHHHHHHHHHHHHHHHHHHTHHHHHHCCCCCCCCCCCCCCCCCCC,189,S
50F2A,NDIKSKDATFASGTLDLSAKENSASVNLSNLKPGDKLTKDFQFENNGSLAIKEVLMALNYGDFKANGGSNTSPEDFLSQFEVTLLTVGKEGGNGYPKNIILDDANLKDLYLMSAKNDAAAAEKIKKQIDPKFLNASGKVNVATIDGKTAPEYDGVPKTPTDFDQVQMEIQFKDDKTKDEKGLMVQNKYQGNSIKLQFSFEATQWNGLTIK,CCCEEECCCEEEEEEEEEECCCEEEEECCCCCTTCEEEEEEEEEECCCCCCCEEEEEEEEEEECCTCCCCCCHHHHHHHEEEEEEEECCTTCCCCCCCCECCCCCHHHHHTCCCCCCHHHHHHHHHHCCCCCCCTTCCCCCCCCCCCCCCCCTCCCCCTTCCEEEEEEEEEECCCCCCCTCCCCCCCCTTCEEEEEEEEEEEECTTCECC,210,S
5OI7A,GESWQKRYDSLQKIVEKQQQKMDQLRSQVQSLEQEVAQEEGTSQALREEAQRRDSALQQLRTAVKELSVQNQDLIEKNLTLQEHLRQA,CCHHHHHHHHHHHHHHHHHHHHHHHHHHHHHHHHHHHHHHHHHHHHHHHHHHHHHHHHHHHHHHHHHHHHHHHHHHHHHHHHHHHHCC,88,S
5OPJA,MKTTSFILALIISISIGKAQTNHQVSYFSLQDVKLLSSPFLQAQQTDLHYILALDPDRLSAPFLREAGLTPKAPSYTNWENTGLDGHIGGHYLSALSMMYAATGDTAIYHRLNYMLNELHRAQQAVGTGFIGGTPGSLQLWKEIKAGDIRAGGFSLNGKWVPLYNIHKTYAGLRDAYLYAHSDLARQMLIDLTDWMIDITSGLSDNQMQDMLRSEHGGLNETFADVAEITGDKKYLKLARRFSHKVILDPLIKNEDRLNGMHANTQIPKVIGYKRVAEVSKNDKDWNHAAEWDHAARFFWNTVVNHRSVCIGGNSVREHFHPSDNFTSMLNDVQGPETCNTYNMLRLTKMLYQNSGDVDNSNKPDPRYVDYYERALYNHILSSQEPDKGGFVYFTPMRPGHYRVYSQPETSMWCCVGSGLENHTKYGEFIYAHQQDTLYVNLFIPSQLNWKEQGVTLTQETLFPDDEKVTLRIDKAAKKNLTLMIRIPEWAGNSKGYEITINGKKHLSDIQTGASTYLPIRRKWKKGDMITFHLPMKVSLEQIPDKKDYYAFLYGPIVLATSTGTENLDGIYADDSRGGHIAHGRQTPLQEIPMLIGNPDSIRHSLHKLSGSKLAFSYDGNVYPTQKSKSLELIPFFRLHNSRYAVYFRQASEEQFKTIQEEMATAERKATELANRTVDLIFPGEQQPESDHSIQYEASETGTHKDRHFRRAKGWFSYNLKIKEEASQLMITVRQEDRNKAVILLNNEKLTVHPTVSKADKDGFIRLCYLLPRKLKVGSCEILFKPDGTEWTSAVYEVRLLK,CCHHHHHHHHHHHHHHCCCCCCCCCEECCCCCCEECCCHHHHHHHHHHHHHHHCCHHHHHHHHHHHTTCCTTCCCCCCCCCCCCCCCHHHHHHHHHHHHHHHHCCHHHHHHHHHHHHHHHHHHHHHCCCEEECCTTCHHHHHHHHTTCCCCCCCCCTCCCCCHHHHHHHHHHHHHHHHHHCCHHHHHHHHHHHHHHHHHHTTCCHHHHHHHHHCCCCHHHHHHHHHHHHHCCHHHHHHHHHCCCHHHHHHHHTTCCCCTTCCCCCHHHHHHHHHHHHHHHCCCCCHHHHHHHHHHHHHHHHHHHHHCCEEECCCCTCCCCCCCCCHCHHCCCCCCCCCHHHHHHHHHHHHHHHHCCCCCCCCCCCHHHHHHHHHHHHHHHHHHHCTTTCCEEEEECCCTTCCEECCCTTCCCCCCHHCCHHHHCHCCCEEEEEECCEEEEEEEECEEEEECTTTEEEEEEECCCCCCEEEEEEEECCCCEEEEEEEECCCCCCCCCEEEEETTEECCCCCCCCTTCEEEEEEECCTTCEEEEEECCEEEEEECTTCTTEEEEEECTEEEEEECCCCCCCTCCCCCCCCCCCCCCCCCCCCCCCEEECCHHHHHHHEEECCCCCEEEEEECEECCCCCCCCEEEEECCCCTTCEEEEEEECCCHHHHHHHHHHHHHHHHHHHHHHHHCCCECCCCCCCCCCCTTCEEECCCCEEETTEEEEEECCEEEEEEEECTTCCEEEEEEEETTTTCEEEEEETTEEEEEEEECCCCCCCEEEEEEECCCCCCCCEEEEEEEECTTCCCCCEEEEEEEC,802,L
6MIWA,GQSNSNNWRWFDDRSGRWCSYSASNNSTIDSAWKSGETSVRFTAGRRRYTVQFTTMVQVNEETGNRRPVMLTLLRVPRLNKNSKNSNGQEL,CCCCCCEEEEEETTTCCEEECCHHHHHHHHHHHHTTCCEEEEEETTEEEEEEETTEEEEETTTCCEEEEEEEECCCCCCCCCCCCCCCCCC,91,S
6GUPA,GSYSKFWPKGGLPGILHHYTETLVTFEYTTTTTRKPHSLLFVGGLGDGLATTSYLADLAHALQPTEWSLFTLTLTSSYQSWGLGHLDRDTNEIAQCLKYIKEYKTEKFGGSASSGKIVLMGHSTGSQCVLHYLSRPNPHTHTPAFDPYLEHVERMPLDGAIMQAPVSDREAIQWVLAEGLGDRTPAEIRPVFEKLTSMAREAARDADAGTDVLLPLAMTSLVYPAHTPLSARRFLSLTSPESPESPSEDDLFSSDLSDEQLGKTFGMIREQGLLRGKLMVLFSGADQSVPAWVDKDTLLSRWRNATDHNGEAAIWDENSGIIPNASHALSNDDQAEPRNFLVNKVLGYLSALVKA,CCCCCCCCCCCCCEEEEECCCCCEEEEECCCCCCCCEEEEEECCTTCCCCCCTHHHHHHHHHCCCTCEEEEEEECCCCCTCCCCCHHHHHHHHHHHHHHHHHHHHHHCCCCCCCCEEEEEEETHHHHHHHHHHHCCCCCCCCCCCCTTCCCCCCCCECEEEEECCCCCHHHHHHHHHTTCCCCCHHHHHHHHHHHHHHHHHHHHHHTCCCCCCCCHHHHHHHCCTTCCCCHHHHHHHHCTTCTCCCCCCCCCCTTCCHHHHHHHHCCCCCCCCCCCCEEEEEETTCCCCCTTCCHHHHHHHHHHHHCTTCCCCCCCTTCEECTTCCCCCCCCCHHHHHHHHHHHHHHHHHHHHCC,355,L
6FIHA,GQDISLSCGASEPAVDQDKKKWEPDTKFLKTPNTVHAPATYQDPSLLSTVPYMTSRIFTAPATYEIPVKGDKRHMLRLHFYPSTYTGLNILDSYFSVAANDLTLLSNFSAAITCQALTQAYLVREYSLAPSEKDVLSIIFTPSDKHPKAFAFINGIEVIPMPELFDTASLVGFSDQTSDTKTANLQTMFRLNVGGQDIPGSQDSGGLTRTWYNDAPYIFSAGLGVTLQASNNFRIDYQKMPVSTAPADVYKTARSQGPNGDINMKSNLTWMFQVDTNFTYIMRLHFCEFQLAKINQKVFNIFINNRTAQGDTNPADILGWTGGKGIPTYKDYAIYVDANTGGGGEEISLQMTPSTFGQPEYYDSQLNGLEIFKIDTMKNLAGPNPKPSPMQANEDVKKDFQGDKRLENLYFQ,CCCEEEECCCCCCCECTTCCEECCCCCCCCCCCCEEECCCCCCCCCCCCCCCCEEEECCCCEEEEEECCCCCEEEEEEEECCCCCTTCCCCCCEEEEEETTEEEEECCCHHHHHHCCCCCCEEEEEEEECCTTCEEEEEEEECCCCTTCEEEEEEEEEEECCCCCCCCCCCCCCCCCCCCCCCEEEEEEEEECCCCCCCCCCCCCCCCCCCCCCCCCCCCTTCCEEEECCCCEEEECCCCCCCCCCHHHHHHHHHHCCCCCCCCCCCEEEEEECCTTCCEEEEEEEEEEEECCTTCEEEEEEETTEECCCCCCCCCHHHHCTCCCCCEEEEEEEEECCCCCCCCEEEEEEECCCCTCCCCCCCCCCCEEEEEEECTTCCCCCCCCCCCCCCCCCCCCCCCCCCCCCCCCCCC,412,L
6F5CA,MSEAQPDARSDARDLTAFQKNILTVLGEEARYGLAIKRELEEYYGEEVNHGRLYPNLDDLVNKGLVEKSELDKRTNEYALTNEGFDAVVDDLEWTLSKFVADADRRERVETIVADDAAALEHHHHHH,CCCCCCCCCCCCCCCHHHHHHHHHHHHCCCCCHHHHHHHHHHHHCCCCCTTCCHHHHHHHHHTTCEEEEEETTEEEEEEECHHHHHHHHHHHHHHHHTCCCCHHHHHHHHHHHHHCCCCCCCCCCCC,127,S
6EHDA,AEILKSDAGTVDFYGQLRTELKFLEDKDPTIGSGSSRAGVDANYTVNDSLALQGKVEFALKDSGDMYVRNHILGVKTNFGKFSFGKQWTTSDDVYGADYSYFFGGTGLRYGTLSDALHDSQVKYVYEADSFWVKAGYGFPEDNAKQELAELYVGATFGDLAVHAGGGQNRDKAFKVGSNTVGTTTTDIKADVTNSYFEVTGEYTIGDALIGVTYYNAELDVENNPLVIDEDAISVAGTYKVADKTKLYAGYEYVMQEANTGADEDGTLVYLGVEYKFASWARVYAEYGYGDGTTLGYTNKGSDAEVKATKVDSANNFGIGARYYW,CEEEECTTCEEEEEEEEEEEEEEECCCCCEEEECCEEEEEEEEEEECTTEEEEEEEEEEECTTCCEEEEEEEEEEEETTEEEEEEECCCCHHHHTTCCCCCCCCCCCCCCCCCCCCCCCCEEEEEEEETEEEEEEEEEECTTCCCCEEEEEEEEEEETTEEEEEEEEEEECCCEECCCCCCCCCEEEEEEEEEEEEEEEEEEEEETTEEEEEEEEEEEEEETTCCEEEEEEEEEEEEEEEECTTEEEEEEEEEEEEEECCCCCEEEEEEEEEEEEEECTTEEEEEEEEEEECCCCCCCCCCCCCEECCCCCCCEEEEEEEEEEEC,325,L
6DHXA,MGSSHHHHHHSQDPMNQPKNIFDEIYQETEKTYRLNNIFNKLTDVEVHSYQEYSDDSKFYPSILYKDIAKTGNYTKIAIDFSFLNKNNNILIYFEKEIGPNVRVRIWNKYTRQDRTLTKSVKIALEKGDSDKYIEDETQVRAYLKKYGITAKDLDAHYEKIVNQKVLKDWCSIYKSKYSPKDYGQVTVKMQWEKW,CCCCCCCCCCCCCCCCCCCCHHHHHHCCCCCCCCCCCCCCTCTTEEEEECCCCCCTCCCCCEEEECCCCCCTTCCEEEEEEEEETTTTEEEEEEEEEECTTEEEEEEEEEETTTTEEEEEEEEEECCCCCCCCCCCHHHHHHHHHHTTCCHHHHHHHHHHHHHHTHHHHHHHHCCCCCCCCCCCCEEEEEECCCC,195,S
6CZGA,GSSMCRAASLLPGTWQVTMTNEDGQTSQGQMHFQPRSPYTLDVKAQGTISDGRPISGKGKVTCKTPDTMDVDITYPSLGNMKVQGQLTLDSPTQFKFDGTTSDGSKLTGTLQRQE,CCCCCCCCCCCCEEEEEEEECTTCCEEEEEEEECCCCCEEEEEEEEEEEETCCCCCCCCEEEEECCCCEEEEEECCCCTCEEEEEEEEECCCCEEEEEEECTTCCEEEEEEECCC,115,S
6CPDB,SMGNMCMVMFGYDMIHITVFQPDKSRSEYCDEIPATGRTIMAFDIENPAFRDLPLELRIIRDPLTPVLPTGEKELDALTELHLPAKKYSKGTFSVEHNFANNGHYIGLVTLTRESGQQETAQFKFMVG,CCCCCEEEEETTEEEEEEEECCCCCCCCCCCCCCCCEEEEEEEECCCCCCTTCCEEEEEEECCCCCCCTTCCCCCCCCEEEEECCEECTTEEEEEEEECCCCEEEEEEEEEECTTCCEEEEEEEEECC,128,S
6CFXD,MDDPVAGDQLKSIVERIERLEEEKKTIADDIKEVYAEAKGNGYDVKVLRKVIAIRKRDANERAEEEAILDLYLQAVGESA,CCCCCHHHHHHHHHHHHHHHHHHHHHHHHHHHHHHHHHHHTTCCHHHHHHHHHHHTCCHHHHHHHHHHHHHHHHHHTCCC,80,S
6C62D,MTETEIFAYIEAASIAIGIPLEPARARAVAHHFSRTALLAEMLESVPLSPESELAEIYRPAPFPAEDI,CCHHHHHHHHHHHHHHHTCCCCHHHHHHHHHHHHHHHHHHHHHHTCCCCTTCCCCCCCCCCCCCCCCC,68,S
6BZGB,ENKCIAVNENKVIENQKVIQSLCKNSHLDLIEQSYFGECDFIINHSTCVYKIQASRFMQLRNNGSLHYDKAVNDLLTEFQRVIIIVEFSEIIQDVDPDLFWKIKLYLLNSRVDVFFIHETTDFFIDWMKYFIARWAFSYNDEAAANIANADILLDLGFNILLVRKIFQTYSLEEFFMAIIKEESKAVKMLTVSQMTRLKKLLTLEW,CCCEEEEEHHHHHHHHHHHHHHHHCCCEEEEECCCCCCCCEEEETTEEEEEEECCEEEEECTTCCEEHHHHHHHHHHTCCEEEEEEECCHHHHHHCHHHHHHHHHHHHCTTEEEEEECCCHHHHHHHHHHHHHHHCCCCCCCCCCCCHHHHHHHHTTCCHHHHHHHHHHCCHHHHHHHHHCTCCCCCCCCCHHHHHHHHHHHHCCC,206,L
6BSUB,PYSLGPKISDWDEQRRDWLKQNPSFPNFVAPNKPRVLLVTGSAPKPCENPVGDHYLLKSIKNKIDYCRIHGIEIFYNMALLDAEMAGFWAKLPLIRKLLLSHPEIEFLWWMDSDAMFTDMVFELPWERYKDYNLVMHGWNEMVYDQKNWIGLNTGSFLLRNSQWSLDLLDAWAPMGPKGKIREEAGKVLTRELKDRPAFEADDQSAMVYLLATEREKWGGKVYLESGYYLHGYWGILVDRYEEMIENHKPGFGDHRWPLVTHFVGCKPCGKFGDYPVERCLRQMDRAFNFGDNQILQMYGFTHKSLGSRRVKPTRNQTDRPLDAKDEFGLLHPPFKAA,CCCCCCCCCCHHHHHHHHHHHCTTCCCCCCCCCCCEEEEEECCCCCCCCHHHHHHHHHHHHHHHHHHHHHTCEEEEECCCCCCCCCTCCHHHHHHHHHHHHCTTCCEEEEECTTCEEECCCCCCCCCCCTTCCCCCTTCCCHHHCCCCCCCCCEEEEEEECCHHHHHHHHHHCCCCCTCHHHHHHHHHHHHHHTTCCCCCCCCHHHHHHHHHHTHCHCTTCEEEETTEEECCHHHHHHHHHHHHHHHCCTTCCCCCCCEEEEEECCCCCCCCCCCCHHHHHHHHHHHHHHHHHHHHHHTTCCCCCTTCCCCEECCCCCCCCCCCCCCCCCCCCCCCCC,338,L
6B4HC,GPHMRYVEIHRNLKGLRKYMAEQAKTNLKLKQRMGDMRREIRKSVGQLTTGGMAANKDKQQKIKSILTEALSNQVESALVDPNNFVVEPRKPVEGATNNDPLLPSIFVYLINIFAKAAISQFINEAGARPETADPVGICVAAILSEPDFLWRGASLIDILIAKFRIVCPVLFGYRGSEKTEQGRQRLGWWKESGQWISEQQHMDRMTGLGAGFAAISLRKFALSKKQNPYPPRFYWMAMAKIVNTPPAEISNTQCVVLKAMVQNYEAKFIEFYGSAAIAALRTALIDFPARAPHKSAAVNSLEVLAQMLKRDTGLDLG,CHHHHHHHHHHHHHHHHHHHHHHHHHCHHHHHHHHHHHHHHHHHHTCCCCCCHHHHHHHHHHHHHHHHHHHTTCCCCCCCCCCCCCCCCCCCCTTCCCCCCCCCHHHHHHHHHHHHHHHHHHHHHHTTCTTHHHHHHHHHHHHHTCCHCCCCCCCHHHHHHHHHHHHCCCCCCCCCCCCCHHHHHHTTCEEETTEEECHHHHHHHHHHHHHHHHHHHTCCCCCCCCCCCCCHHHHHHHHHHHHTCCCCCCCHHHHHHHHHHHHHHHHHHHHHHHHHHHHHHHHHHHHCCCCCCCCCHHHHHHHHHHHHHHHHHCCCCC,318,L
6B05A,MNWKKCCWLSLTAVGLLAGSVVSQAEEIKSPLPVFKEGTLANGFRYTLVQLEGPKTRVDIRLIVDVGSIDEKDNESGVAHMVAHMVFRASDAFPQGVSTELHKQGWGRGQSYNAVTNYERTMYMMSPPKGNLDLGATLQALSQMTGHAKLLQSDLDDERKIILEEWRGKLGVAERMNQQRVQAIRHDSRYPSRPVIGTEESINDTPASVLQDFYQRWYHPSNMRLMIIGDITPADAEREIQRYFAALPNVAVPTRDYYEPLLKPQLKVARLQDSQSGSSQVSFVYRFNDKDAFGQSEYRHRLLTQITMSAVTRQVRRQKAELPQDASSLVVRKSDIGKTTAALGFFANVMPGGHDAAISAVLKEIERFKRYPLNEQDITEITSDIREVAQRMSVTPETREFADWVQQLTIVWQQDRPYVGSQQRGKDALEALDTIKGEDVNRHWQRWLASPDTLAQFSVPGATPFTLPKPDAISKLQKQWALATLAPLRLEEKKIIPELPSVTQSGKRTAVKTFAAQKVEQWQLSNGDRVVWLRAPEAGKKVYLTATSQAGFMATAMNPWQAQLASQLVNQSGPATWSGESLSNWKKEKTLSLSIDQEADQLTLSGTAPTEQLASLFGLYRELNVAPGIDPDVMKESMMSLARQKANDDQSVGGKRASEMTKLRFGEPAWQQPEIAELKKISAPALLSQWHKAASAPVTYYLIADMPATQLLPQVERYLATIPRQPASEVKQHLALSGKREATSAINVEPRADILTWSFTPHAWTPQAAVQVSIARNIASKYLKTSLRDDALGIYRMRVDSELEDKKQRIETEVSFTSAPERAQELWTLAEQAFSELPTKITQQDVDEQKAQFIRAEKGRQGDLTTIQRRLILSYRHYNDPRYLSNASKLADSITLESVRAMSAKLYNPDNRVLYITLPQEVKE,CCHHHHHHHHHHHHHHHHHHHHCCCCCCCCCCCCEEEEECTTCCEEEEEECCCCTTEEEEEEEEECCCCCCCTTCCCHHHHHHHHHHTTCTTCCTTHHHHHHHTTCECCTTCCEEECCCCEEEEECCCCCCHHHHHHHHHHHHHHHTCCCCHHHHHHHHHHHHHHHHTTCCHHHHHHHHHHHHHCTTCCCCCCCCCCCHHHHHHCCHHHHHHHHHHHCCCCCEEEEEECCCCHHHHHHHHHHHHTTCCCCCCCCCCCCCCCCCCCCEEEEEECTTCCCEEEEEEEECCCCCCCCHHHHHHHHHHHHHHHHHHHHHHHHHHCCCCTCCEEEEEECCCCCCEEEEEEEEEECTTCHHHHHHHHHHHHHHHHHCCCCHHHHHHHHHHHHHHHHHHHHCCCCCCHHHHHHHHHHHHHHTCCCCCHHHHHHHHHHHCTTCCHHHHHHHHHHHHHCTTEEEEEECCCCCCCCCCCHHHHHHHHHHHHTCCCCCCCCCCCCCCCCCCCCCCCCEEEEEEEETTTTEEEEECTTCCEEEEEECCCCTTEEEEEEEECCCCCCCCCCHHHHHHHHHHHHHHCCTCCCHHHHHHHHTTCEEEEEEEEETTEEEEEEEECHHHHHHHHHHHHHHHHCCCCCHHHHHHHHHHHHHHHHHCCCCHHHHHHHHHHHHHHCCCCCCCCCHHHHHTCCHHHHHHHHHHHHCCCEEEEEEECCCHHHHHHHHHHHHCCCCCCCCCCCCCCCCCCCEEEEEEECCCCCCEEEEEEECCCCCCCHHHHHHHHHHHHHHHHHHHHHHHHHTCCEEEEEEEEEEECCCCEEEEEEEEECCCCCHHHHHHHHHHHHHHCCCCCCHHHHHHHHHHHHHHHHHHHCCHHHHHHHHHHHHHHTCCCCCCCCHHHHHHHCCHHHHHHHHHHHCCTTCEEEEEECCCCCCC,924,L
5ZZAP,GPMSLEQLAGRLISGDIGATAVIKMTGEIIYQSPNWSVDGVHAINVYKNREPSIIIQGVKYSVIDVNEDRLIATNVGGQGHIVGAVAGGKALLIGYVSPNGDARTAYIQIDKTARQLSKIL,CCCCHHHHHHHHHTTCCEEEEEECTTCCEEEECCCCCCCHHHHHHHHHTCCCEEEETTEEEEEEEECCCEEEEECTTCCEEEEEEEETTEEEEEEEECTTCCCHHHHHHHHHHHHHHHHHC,121,S
5ZYUA,GEDRRVPQNWFPIFNPERSDKPNASDPSVPLKIPLQRNVIPSVTRVLQQTMTKQQVFLLERWKQRMILELGEDGFKEYTSNVFLQGKRFHEALESILSPQETLKERDENLLKSGYIESVQHILKDVSGVRALESAVQHETLNYIGLLDCVAEYQGKLCVIDWKTSEKPKPFIQSTFDNPLQVVAYMGAMNHDTNYSFQVQCGLIVVAYKDGSPAHPHFMDAELCSQYWTKWLLRLEEYTEKKKNQNIQKPEYSE,CCCCCCCCCCCCCCCCCCCCCCCCCCCCCCCECCCCCCCCCCHHHHHHHHCCHHHHHHHHHHHHHHHHHHCHHHHHHHHHHHHHHHHHHHHHHHHHHCCCCCCCCCCCCHHHHHHHHHHHHHCTTCCEEEEEEEEEEETTTTEEEEEEEEEEETTEEEEEEEECCCCCCCCCCCCCCHHHHHHHHHHHHHHCTTCCCCCCEEEEEEEETTCCCCEEEECCHHHHHHHHHHHHHHHHHHHHHHHCCCCCCCCCCC,254,L
5ZMOA,GSREAPKTFHRRVGDVRPARRAMGPALHRPVLLLWAIGQAVARAPRLQPWSTTRDAVAPLMEKYGQVEDGVDGVRYPFWALVRDDLWCVEQAEELTLTSRGRRPTLESLNAVDPSAGLREDDYNLLRSQPEAAASAAAGLIARYFHLLPAGLLEDFGLHELLAGRWPDALRP,CCCCCCHHHHHHHHTCCCCEETTEECCCHHHHHHHHHHHHHTTCCCCCCHHHHHHHHHHHHHHHCCCCCCCCCCCCCCHHHHTCCCEEECCCCCCCCCCTCCCCCHHHHHHHCCCCCCCHHHHHHHHHCHHHHHHHHHHHHHHHCCCCCHHHHHHTTCHHHHTTCCCCCCCC,172,S
6AR0A,MPSALAIFTCRPNSHPFQERHVYLDEPIKIGRSVARCRPAQNNATFDCKVLSRNHALVWFDHKTGKFYLQDTKSSNGTFINSQRLSRGSEESPPCEILSGDIIQFGVDVTENTRKVTHGCIVSTIKLFLPDGMEARLRSD,CCCCCEEEEECCTCCCCEEEEEECCCCEEEECCCCCCCCCCCCCECCCCEECCCCEEEEEETTTTEEEEEECCCCCCEEETTEECCCTCCCCCCEECCTTCEEEEEEEEEETTEEEEECEEEEEEEEECTTCCEEECCCC,140,S
5Z7BA,GSAKDLMTLRSALLALLSSGPLTGYDASQRFGASVGFVWSGSDSQIYPELRKMEAEELLVGSDVPWGSKGATKTEYALSEKGWEALRKAWYEPVTYGPTRDPARLKAAYFEVGTNGDARRHLRAHIAHFEQQKIQSESMIDELKAKTHPTLARRLERSPKKEHERIVAFKVLAYEGQIARAQAEIEWAEKGLKLLDTL,CCCCCCCCHHHHHHHHHHHCCCCHHHHHHHHHHHHCHHCCCCHHHHHHHHHHHHHTTCEEEEEECCCCCCCCCEEEEECHHHHHHHHHHHHCCCCCCCCCCHHHHHHHHHHTCCHHHHHHHHHHHHHHHHHHHHHHHHHHHHHHHTCCHHHHHHHHHCCCCCHHHHHHHHHHHHHHHHHHHHHHHHHHHHHHHHHHTC,198,S
5YO8B,GSHMKVPTQPIPLMMNIFRDVLPTVHRYYDQWKERAKSIPDPELRAQALDALERKEFHCEGGGIYGLLARDRFDELIQFIIAYQIMCDYLDNLCDQSDYLDPKDFRSLHNALLAALTPGEPLVNYYQYRIEQEDGGYLHELIETCQHILVTFPSFRMVQENMLELSQLYGDLQVHKHVVKEERIPRLEAWFNEHKEKMPEMTWFEFSACTGSTLGVYTLATYATKEGLTSEQADVIKAGYFPWVQGVHLLLDYFIDQEEDIADDELNFLFYYENEEQMIERFQYFVQKAEESLSTLPDPKFHRHIWRGIIAIYLSDEKVQKNKELKKKSKQMIKMGGLPSLLFYLNSWIYRRDK,CCCCCCCCCHHHHHHHHHHHHHHHHHHHHHHHHHHHHTCCCHHHHHHHHHHHHTTCCCCCCCEHHHHCCCCCHHHHHHHHHHHHHHHHHHHHHHHTCCCCCHHHHHHHHHHHHHHHCTTCCCCCCCCCCCCCCCCCHHHHHHHHHHHHHHTCTTHHHHHHHHHHHHHHHHHHHHHTTCCCHHHHHHHHHHHHHHCTTCTTCCHHHHHHCCHHHHHHHHHHHHHHCTTCCHHHHHHHHHHHHHHHHHHHHHHHHHCCHHHHHHTTCCCCCCCCCCHHHHHHHHHHHHHHHHHHHHTCCCHHHHHHHHHHHHHHHHTCHHHHTCHHHHHHHHHHHHHHCHHHHHHHHHHHHHHHCC,354,L
5YH1A,PGSHMAEVKRKIEEELDRRAQPSDVGFLVKSEVLEALKPKIMKAAFMIRRAIFEGRPIILRHHADTDGYTAGVALETAIIPLIEKVAPDPEARWHLFKRRPSRAPFYELEDVLKDIIFMMEDHMRFGDELPLVVIVDNGGTTEDIPAYKRLKAYGVKIVVIDHHDPRDWISEDKAKVDEYVDVHVNPHHVKRGYYELTAGMLATEVARYINPEVEDRIKHLPAIAGTGDRSKAPEFYQYLEYAKEKGLDEEDLKKIAEVIDHEAFYWKFMDGRGIIEEILLITGNLQRHRMLVEGIYPEVKEKQEKVLKAVLPHVKSVVLPNGIRFNTIDVELYAPKFEYPSPGKLSGIIHDHFKEQYGEDSPILTLAYGPDFAVVRASDGMAKYNFDLNKIVKILAEKLPDAGVEGGGHSYAGSIKFFEGKRKEVLEAFAKEVLKLKAGE,CCHHHHHHHHHHHHHHHHHCCCCCCCCCCCCHHHHHHHHHHHHHHHHHHHHHHTTCCEEEEECCCHHHHHHHHHHHHHHHHHHHHHCCCTTCCEEEEEECCCCCCCCCHHHHHHHHHHHHHHHHHHCCCCCEEEEECCCCCCCCHHHHHHHHHTTCCEEEECCCCCCCCCCCCCCCCCTTCCCCCCCCCCCCCCHHHHHHHHHHHHHHHHCTTCHHHHTTCHHHEEECCCCCCHHHHHHHHHHHHTTCCHHHHHHHHHHHHHHHHHHHCCCHHHHHHHHHTCCCCHHHHHHHHHHHHHHHHHHHHHHHHHHCCCEEEEECTTCCEEEEEECCCCCCCCCCCCHHHHHHHHHHHHHHHHCCCCCEEEEEECCCEEEEEECCCCCCCCCCHHHHHHHHHHHCTTCCEECCCCCCCCEEEECTTCHHHHHHHHHHHHHHHCCCC,441,L
5YDDB,MGSSHHHHHHSSENLYFQGHMRLSREDLLERSEVADELLTALLKAGVITTGPGGFFDEHAVVILQCARALAEYGVEPRHLRAFRSAADRQSDLIAQIAGPLVKAGKAGARDRADDLAREVAALAITLHTSLIKSAVRDVLHR,CCCCCCCCCCCHCCCCCCCCCCECHHHHHHHHTCCHHHHHHHHHTTCCCCCTTCCCCHHHHHHHHHHHHHHHTTCCHHHHHHHHHHHHHHHHHHHHHHHHHHHTCCHHHHHHHHHHHHHHHHHHHHHHHHHHHHHHHHHHCC,142,S
5YDNA,MNYATVNDLCARYTRTRLDILTRPKTADGQPDDAVAEQALADASAFIDGYLAARFVLPLTVVPSLLKRQCCVVAWFYLNESQPTEQITATYRDTVRWLEQVRDGKTDPG,CCCCCHHHHHHHHCHHHHHHHHCCCCTTCCCCHHHHHHHHHHHHHHHHHHHHHHCCCCCCCCCHHHHHHHHHHHHHHHHHCCCCHHHHHHHHHHHHHHHHHHTTCCCCC,109,S
5YADB,STGAANKSLSLLSTETMSILQDAPACCLPLFKFIDIYEKKYGHKLNVSDLYKLTDTIAIREQGNGRLVCLLPSNQ,CCCCCCCHHHHHHHHHHHHHHHCTTCCCCHHHHHHHHHHHHCCCCCHHHHHTCCCEEEEEECTTCEEEEECCCCC,75,S
5Y7DA,GMKFGCLSFRQPYAGFVLNGIKTVETRWRPLLSSQRNCTIAVHIAHRDWEGDAWRELLVERLGMTPAQIQTLLRKGEKFGRGVIAGLVDIGETLQCPEDLTPDEVVELENQAVLTNLKQKYLTVISNPRWLLEPIPRKGGKDVFQVDIPEHLIPLGHEVLE,CCCCCEEECCCHHHHHHHTTCCCCCCCCCCCCCCCTTCCEEEEECCCCCCCHHHHHHHHHHHCCCHHHHHHHHHTCCCCCCEEEEEEEECCCCCCCCTTCCHHHHHHHHHHCCCTTCCCCEEEEECCCCCCCCCCCCCCCCTCCCCCCCCCCCCCCCCCCC,161,S
5XSPA,GSMRTRVRARVISHALKDILAEGDKVIIMGHKRPDLDAIGAAIGVSRFAMMNNLEAYIVLNETDIDPTLRRVMNEIDKKPELRERFITSDDAWDMMTSKTTVVIVDTHKPELVLDENVLNKANRKVVIDHHRRGESFISNPLLIYMEPYASSTAELVTELLEYQPTEQRLTRLESTVMYAGIIVDTRNFTLRTGSRTFDAASYLRAHGADTILTQHFLKDDVDTYINRSELIRTVKVEDNGIAIAHGSDDKIYHPVTVAQAADELLSLEGIEASYVVARREDNLIGISARSLGSVNVQLTMEALGGGGHLTNAATQLKGVTVEEAIAQLQQAITEQLSRSEDA,CCCCHHHHHHHHHHHHHHHHHHCCEEEEECCCCCCHHHHHHHHHHHHHHHHTTCCEEEEECCCCCCHHHHHHHHHHHTCHHHHCCCCCHHHHHHHCCTTCEEEEEECCCCCCCCCHHHHHHCCEEEEEECCCCCCCCCCCCEEEECCCCCHHHHHHHHHHHHTCCTTCCCCHHHHHHHHHHHHHHHHHHHHCCCHHHHHHHHHHHHTTCCHHHHHHHHTCCHHHHHHHHHHHHHCEEEETTEEEEEECTTCCCCHHHHHHHHHHHHTCTTCEEEEEEEECTTCEEEEEEECCCCCCHHHHHHHTTCCCCCCEEEEEETTCCHHHHHHHHHHHHHHHHHHCCCC,343,L
5XDHC,GDIQKTYKDTCELCHGADGKGSEAGKQFGVPDFTSPDYQKSRTDAQMKESMTNGTKNPNFVKLSDLGVDLADLDPLVQLVRGFNGK,CCHHHHHHHHHHHHHCTTCCCCHHHHCCCCCCTTCHHHHTTCCHHHHHHHHHHCCCCCCCCCCCCCCCCHHHHHHHHHHHHHCCCC,86,S
5X8ZA,CSRLVTETQYGTMLMRTADWVSTAPFDGHMSVFPVGTERTMRGQVAEYQQAMTKWQTKYHTLSIEEHGAFGGLSGQTSNEKGLSVMALSQHDSEPYLSQHKDNGAPAVNTADVVSFITERYATTAEVKAALDNGEFQIAWASAPNGMEHAAPLHYSVVDADGNIMLIQLVKGGEQKIYLGDAESDLRVKTNDPLQEKHREYMQQFDLKDPSVATKMPWSIGGLERNSRLLAMSTHMDLEGLSYTETVARQKGTFDAAALVPFGVQDPKTGEDYPSFFSMQYNLDNGDIWFRSLMSGKEIKFNLEDTKQFKTPMHADIMAQVDKGAQTITWSKMHHHHHH,CCEEEEECTTCEEEEEEECCCCCCCCCCEEEEECTTCCEEECCCCCCCCCCCEEEEEETCEEEEECCCCCCCCCCCCECTTCEEEEEEECCTCCCCCCCCCCCCCCCCCHHHHHHHHHHHCCCHHHHHHHHHTCCEEEECCCCCTCCCCCCCEEEEEECTTCCEEEEEEEETTEEEEEECCCCCCCEEEECCCCHHHHHHHHHHHHHCCCTCCCCCCCCCCHHHHHHHHHHHHHHCCCTTCCHHHHHHHHHHHHHHHHCCCTTCCCTTCCCCCCEEEEEEEETTTTEEEEEETTCCCEEEEECCCCCCCCCCCCCCHHHHHHTTCCCCCCCCCCCCCCC,339,L
5X6ZD,GGSMSNPDYCIPNFSQTVNERTIIDIFTICRYRSPLVVFCLSHNELAKKYAQDVSMSSGTHVHIIDGSVEITVSLYRTFRTIATQLLGRMQIVVFVTVDKSVVSTQVMKSIAWAFRGSFVELRNQSVDSSTLVSKLENLVSFAPLYNVPKCGPDYYGPTVYSELLSLATNARTHWYATIDYSMFTRSVLTGFVAKYFNEEAVPIDKRIVSIVGYNPPYVWTCLRHGIRPTYIEKSLPNPGGKGPFGLILPVINELVLKSKVKYVMHNPQIKLLCLDTFMLSTSMNILYIGAYPATHLLSLQLNGWTILAFDPKITSDWTDAMAKATGAKVIGVSKEFDFKSFSVQANQLNMFQNSKLSVIDDTWVETDYEKFQSEKQAYFEWLIDRTSIDVRLISMKWNRSKDTSVSHLLALLPQPYGASIREMRAFFHKKGASDIKILAAETEKYMDDFTAMSVSDQINTQKFMHCMITTVGDALKMDLDGGRAVIASYSLSNSSNSKERVLKFLSDANKAKAMVVFGAPNTHRLAYAKKVGLVLDSAIKMSKDLITFSNPTGRRWRDYGYSQSELYDAGYVEITIDQMVAYSSDVYNGVGYFANSTYNDLFSWYIPKWYVHKRMLMQDIRLSPAALVKCFTTLIRNICYVPHETYYRFRGILVDKYLRSKNVDPSQYSIVGSGSKTFTVLSHFEVPHECGPLVFEASTDVNISGHLLSLAIAAHFVASPMILWAEQMKYMAVDRMLPPNLDKSLFFDNKVTPSGALQRWHSREEVLLAAEICESYAAMMLNNKHSPDIIGTLKSAINLVFKI,CCCCCCCCCCCCCCCCCCCHHHHHHHHHHCCCCCCEEEEEECHHHHHHHHHHHHHCCCCEEEEEECCCHHHHHHHHHHHHHHHHHHHTTCEEEEEEEECCCCCCHHHHHHHHHHHHHHHHHHHCCCCCCHHHHHHHHHHHHHCCCCCCCCCCCCCCCHHHHHHHHHHHHTTCCEEEEEEEEECCCHHHHHHHHHHHHHTTCCCCCCCEEEEEECCHHHHHHHHHTTCCEEEEEEECCCTTCCCCCCCECCCCCCCCCCHHHHHHHHCHHHHHHHHHHHHHHHCCCEEEEEECCCCCCCTCCCTTCEEEEECTTCCHHHHHHHHHHHCCCEEECCCCCCCCCCCHHHEEEEHHTTCCEEEEECCCCCCCHHHHHHHHHHHHHHHHHHCCCEEEEEEEEEETCCCEEEEEEEEECCCCTCCCHHHHHHHHHHHTCCEEEECHHHHHHHHHHHHTCCHHHHHHHHHHHHHHHHHHHHHEEEECTTCCEEEEEEEEECCCCCHHHHHHHHHHHHTCCEEEEECCCCHHHHHHHHHTTCCTTCEEEEETTEEEEECTTCCEEEECCCCHHHHHHTTCEEECHHHHHHHHTCCCCCEEEEECCCHHHHHHHHHHHHHHHHHHCCCCCCCCHHHHHHHHHHHHHHHTCCCHHHHHHHHHHHHHHHHHHTTCCCCEEEEEECCCCEEEEECCEEECCTTEEEEEETTCCEEEHHHHHHHHHHHHHHHHHHHHHHHHHHHHHHCTCCCTTCCCEEEECCCCCTTCCCCCCCCHHHHHHHHHHHHHHHHHHHTTCCCHHHHHHHHHHHHHHHCC,804,L
5WK0A,MTTKTVFDVIDMGLGYLVNVYDAWKVEKVLDDYHKPFSNTIHWQFGHVLTIFESALAVAGKENIDLNIYRPLFGNGSSPDEWKDEVPSIERILEGLQTLPERARNLTEDDLAIELKQPIVGCNNLEELLVLNAIHIPLHAGKIEEMSRILKNLKALEHHHHHH,CCHHHHHHHHHHHHHHHHHHHHTCCHHHHHHCCCTTCCCCHHHHHHHHHHHHHHHHHHTTCCCCCCCCCHHHCCTTCCCCCCCCCCCCHHHHHHHHHHHHHHHHHHHTTCCCCCCCCCCCCCCCHHHHHHHHHHHHHHHHHHHHHHHHHHHHCCCCCCCCCCC,163,S
5WECB,GAMDKIQSITGSVAYRERIALPDNAVVTVYLQDVSLADAPATVIAKQNFITNGMQVPLEFNLAYDSRKIKASHRYSVSARIEVDGKLRFITDTHYGVITDPEATKHVPMMLIGVHGE,CCCCCCEEEEEEEEECCCCCCCTTCEEEEEEEECCCTTCCCEEEEEEEEEETTCCCCEEEEEECCCCCCCTTCEEEEEEEEEETTEEEEEECCCCCCCCCTTCCCEEEEEEEECCCC,117,S
6BYTB,MANDSVSLTSNISNTSGVLLESQTKITDGALHFDGKKLNHNTFENPSKSQAYDYFFGRNISAHGDAVKPYKHFVFMTWYKGGKEERNVMLSRFNTKTGVVKTIQFPHRHTGFRGDPLVGESHNTIGLAVSPLNGTIHMVYDMHAYVDDDETGRFKGRFVDDFFRYSFSVAGAADVPDDEFTLEQFVKDTSELSQGADDYKHLTMTGNLQDKENFSALTYPKFYTSDDGELLHYMRWGGNNNGAYYFNKYDAKNQKWTRFTPFNHKDQKTHGNAYNWGLYGQMKYINGKLRVGFQQNSANNDDRFKYQNGVYYAYSDHPDGLGNWKNVDGEDMTWPLVNSDEIKIFEPGDYIDHTAPNSVHIVTGFDWTVTENDDVHFITHVRSTDTKRSDYKEVSIHAFKPANAVDFTITTDFTGADSIYTSGDSIFIIGLKNGYPFVEKAKGGSNDFEVVYQQASGVKFDHGTIHIENGKAYYYLMEKGAGNALPLHLQVIDLGVTELEHHHHHH,CCCCCCEEEECCCCCCCEEEEEEEEECTTEEEETTEECCCCCCCCTTCCCCCCCEECCCCCCCCCEEEEETTEEEEEEEECCCCCCEEEEEEEECTTCCEEEEEECCCCCCCCCCCCCCCCCCEEEEEEETTTCEEEEEEEEECCCCCCTCCCCCCCCCCCCEEEEEECTTCCCCCCCCCCCCCCCCCCCCCCCCCCCCCCCCECCCCCCCCCCCCCCCCEEEECTTCCEEEEEEEECCTCCCEEEEEEETTTTEEEEEEEEECTTCCCCCCCCCCCEEEEEECETCEEEEEEEEECCCCCCCCCCCCCEEEEEECCTTCCCCEECTTCCCCCCCECCCCCEECCCTTCECCCCCTTCEEEECCCEEEECTTCCEEEEEEEECCTCCCCEEEEEEEEEEEETTCCCCEEEEECCCCCEEEEETTEEEEEEETTTEEEEEECCTCCCCEEEEEEECCCCCCCEEEEEEETTEEEEEEEECCCCCCCCEEEEEEEECCCCCCCCCCCC,506,L
6C0YC,SGMKSAKEPTIYQDVDIIRRIQELMVLCSLLPPDGKLREALELALALHEEPALARITPLTNLHPFATKAWLETLWLGEGVSSEEKELVAWQNKSENMGPAIRELKNAEQQSGITLVARLTS,CCCCCCCCCCCCCCHHHHHHHHHHHHHHHHCCTTCHHHHHHHHHHHCCCCCCCCCCCCCCCCCHHHHHHHHHHHHCCTCCCHHHHHHHHHHHCCCCHHHHHHHHHHHHHHHTCCEEEEECC,121,S
6C29C,SNADTGWLTMPDNDHAQVRATADKSSTGDVKILLEVQLAPGWKTYWRSPGEGGVAPEINWTQSVSDMIWHWPSPSAFDVAGIHTQGYDKEVVFPIELKSVDSDNLNGVLTLSTCSNVCILTDYSLNLDLNEPAPADFEWQYNQAMAKVPVTSGLISAVSSDYRNSQLTLSLQREQGDWHQPNIYLDPPQGMLYGIPQLTAKGDHLSVTVDVTDDWGDAAGDITGKALSFVVTDDGYSRQVNDTIGQGDSASLPTADS,CCCCCCCCCCTTCCCEEEEEEECCCCCCEEEEEEEEEECTTEEEEECCCCCCCCCCEEECCCCCCEEEEECCCCEEEEETTEEEEEECCCEEEEEEEEECCTCEEEEEEEEEECCCEEEEEEEEEEEECCCCCCCCHHHHHHHHHHTCCCCCCCCCEEEEEEETTEEEEEEECCCCCCCCCEEEEECCTTCEECCCEEEEETTEEEEEEECCCCCCCCCCCCTTCEEEEEEEETTEEEEEEEEECCCCCCCCCCCCC,257,L
6C90B,SGDPIPDMSKFATGITPFEFENMAESTGMYLRIRSLLKNSPRNQQKNKKASE,CCCCCCCCCCCCTTCCCCCEHCHHHHHHHHHHHHHHHHTCCCCHHHHHCCCC,52,S
6CC2A,MIINGTSFEELYNGLRNRGKDKKTIQLYVSPTVDAIVCYKILSMMFEKDGLLHSAVPVNNYETLSRVFKETIGHTDVHTVFFIDCAGSIDVSELLGDIENIFVYIIDSHRPFNKLNVTNTNIGLITSNEYQQFIEQETQLEKSDLLEVDDDLIGLNKSQSFNNCEYIRKMVDSDGEFYSESVGRVALAIAKKLNKVENDMYWYAAIGVCDQYISLKINAKTYVHAIQYFIDNLQLETLEITDLLQTVKTPMCVKMDCQLMLLRHWTLYDSLFHTREIASKLGIWTSRGKEKFDVLIADMGIPLSQAQQSYKTMSLEMKNKFLLKMEGYSKFYHFENLFLPSFFKKFGMDYSISAFDAAHAIGSIITNDEPDQNWQQQFWEGFKLLSSTTAEPYDFGFAKCIESNKNLVETGIILLLSGSCFNEANKYRFCSVSDELLSIRFKTPYKALQLAQFLAEASSRRYKKWLPFILAVLDAEKKTFVIVGYSSPISVKTLNYFGAKFTQTAQNMKISILQKSFDSFVTEIHRENLVKYKKALHKCFTSI,CCCCHHHHHHHHHHHHHHCCTCCEEEEEECCCHHHHHHHHHHHHHHHHTTCCEEEEEECCHHHHHHHHHHHTTCTTCCEEEEECCCCCCCHHHHHCCCTTCEEEEEECCCCCCCCCCCCCCEEEEECCCCCCCCCCCCCCCCCCCCCCCCCCCCCCHHHHHHHHHHHHHHHHHTCCCCCHHHHHHHHHHHHHTTCCCHHHHHHHHHHHHHHHHTTCCCHHHHHHHHHHHHHHHHHHCCCCCCCCCCCCCCCEECCCCEEHEETTCCHHHHHHHCHHHHHHTTCCCHHHHHHHHHHHHHTTCCHHHHTCCCCCCCHHHHHHHHHHHHHHHHHTTCCCCEECEEEEEECCCCCCCHHHHHHHHHHHHHCCCTTCCHHHHHHHHHHHHCCCCCHHHHHHHHHHHHHHHHHHHHHHHHHHHTTCCEECCCEEEEEECCCCCCCCCCCHHHHHHHHHHHHHHHHHTCCCCCCEEEEEEETTTTEEEEEEECCCCCCCCCCHHHHHHHHHHHHHTCEEEECCCCCEEEEEECCCHHHHHHHHHHHHHCC,543,L
